Void,NO_SHAPE:NO_SPECIAL:NO_MATERIAL:NO_VARIANT:--------
RampTop,RAMP_TOP:NO_SPECIAL:AIR:NO_VARIANT:--------
MurkyPool,FLOOR:NO_SPECIAL:POOL:NO_VARIANT:--------
MurkyPoolRamp,RAMP:NO_SPECIAL:POOL:NO_VARIANT:--------
UnderworldGateStairU,STAIR_UP:NO_SPECIAL:UNDERWORLD_GATE:NO_VARIANT:--------
UnderworldGateStairD,STAIR_DOWN:NO_SPECIAL:UNDERWORLD_GATE:NO_VARIANT:--------
UnderworldGateStairUD,STAIR_UPDOWN:NO_SPECIAL:UNDERWORLD_GATE:NO_VARIANT:--------
?7?,NO_SHAPE:NO_SPECIAL:NO_MATERIAL:NO_VARIANT:--------
?8?,NO_SHAPE:NO_SPECIAL:NO_MATERIAL:NO_VARIANT:--------
?9?,NO_SHAPE:NO_SPECIAL:NO_MATERIAL:NO_VARIANT:--------
?10?,NO_SHAPE:NO_SPECIAL:NO_MATERIAL:NO_VARIANT:--------
?11?,NO_SHAPE:NO_SPECIAL:NO_MATERIAL:NO_VARIANT:--------
?12?,NO_SHAPE:NO_SPECIAL:NO_MATERIAL:NO_VARIANT:--------
?13?,NO_SHAPE:NO_SPECIAL:NO_MATERIAL:NO_VARIANT:--------
?14?,NO_SHAPE:NO_SPECIAL:NO_MATERIAL:NO_VARIANT:--------
?15?,NO_SHAPE:NO_SPECIAL:NO_MATERIAL:NO_VARIANT:--------
?16?,NO_SHAPE:NO_SPECIAL:NO_MATERIAL:NO_VARIANT:--------
?17?,NO_SHAPE:NO_SPECIAL:NO_MATERIAL:NO_VARIANT:--------
?18?,NO_SHAPE:NO_SPECIAL:NO_MATERIAL:NO_VARIANT:--------
Driftwood,FLOOR:NO_SPECIAL:DRIFTWOOD:NO_VARIANT:--------
?20?,NO_SHAPE:NO_SPECIAL:NO_MATERIAL:NO_VARIANT:--------
?21?,NO_SHAPE:NO_SPECIAL:NO_MATERIAL:NO_VARIANT:--------
?22?,NO_SHAPE:NO_SPECIAL:NO_MATERIAL:NO_VARIANT:--------
?23?,NO_SHAPE:NO_SPECIAL:NO_MATERIAL:NO_VARIANT:--------
?24?,NO_SHAPE:NO_SPECIAL:NO_MATERIAL:NO_VARIANT:--------
FrozenStairUD,STAIR_UPDOWN:NO_SPECIAL:FROZEN_LIQUID:NO_VARIANT:--------
FrozenStairD,STAIR_DOWN:NO_SPECIAL:FROZEN_LIQUID:NO_VARIANT:--------
FrozenStairU,STAIR_UP:NO_SPECIAL:FROZEN_LIQUID:NO_VARIANT:--------
?28?,NO_SHAPE:NO_SPECIAL:NO_MATERIAL:NO_VARIANT:--------
?29?,NO_SHAPE:NO_SPECIAL:NO_MATERIAL:NO_VARIANT:--------
?30?,NO_SHAPE:NO_SPECIAL:NO_MATERIAL:NO_VARIANT:--------
?31?,NO_SHAPE:NO_SPECIAL:NO_MATERIAL:NO_VARIANT:--------
OpenSpace,EMPTY:NO_SPECIAL:AIR:NO_VARIANT:--------
?33?,NO_SHAPE:NO_SPECIAL:NO_MATERIAL:NO_VARIANT:--------
Shrub,SHRUB:NORMAL:PLANT:NO_VARIANT:--------
Chasm,EMPTY:NO_SPECIAL:AIR:NO_VARIANT:--------
LavaStairUD,STAIR_UPDOWN:NO_SPECIAL:LAVA_STONE:NO_VARIANT:--------
LavaStairD,STAIR_DOWN:NO_SPECIAL:LAVA_STONE:NO_VARIANT:--------
LavaStairU,STAIR_UP:NO_SPECIAL:LAVA_STONE:NO_VARIANT:--------
SoilStairUD,STAIR_UPDOWN:NO_SPECIAL:SOIL:NO_VARIANT:--------
SoilStairD,STAIR_DOWN:NO_SPECIAL:SOIL:NO_VARIANT:--------
SoilStairU,STAIR_UP:NO_SPECIAL:SOIL:NO_VARIANT:--------
EeriePit,EMPTY:NO_SPECIAL:HFS:NO_VARIANT:--------
StoneFloorSmooth,FLOOR:SMOOTH:STONE:NO_VARIANT:--------
LavaFloorSmooth,FLOOR:SMOOTH:LAVA_STONE:NO_VARIANT:--------
FeatureFloorSmooth,FLOOR:SMOOTH:FEATURE:NO_VARIANT:--------
MineralFloorSmooth,FLOOR:SMOOTH:MINERAL:NO_VARIANT:--------
FrozenFloorSmooth,FLOOR:SMOOTH:FROZEN_LIQUID:NO_VARIANT:--------
?48?,NO_SHAPE:NO_SPECIAL:NO_MATERIAL:NO_VARIANT:--------
Grass1StairUD,STAIR_UPDOWN:NO_SPECIAL:GRASS_LIGHT:NO_VARIANT:--------
Grass1StairD,STAIR_DOWN:NO_SPECIAL:GRASS_LIGHT:NO_VARIANT:--------
Grass1StairU,STAIR_UP:NO_SPECIAL:GRASS_LIGHT:NO_VARIANT:--------
Grass2StairUD,STAIR_UPDOWN:NO_SPECIAL:GRASS_DARK:NO_VARIANT:--------
Grass2StairD,STAIR_DOWN:NO_SPECIAL:GRASS_DARK:NO_VARIANT:--------
Grass2StairU,STAIR_UP:NO_SPECIAL:GRASS_DARK:NO_VARIANT:--------
StoneStairUD,STAIR_UPDOWN:NO_SPECIAL:STONE:NO_VARIANT:--------
StoneStairD,STAIR_DOWN:NO_SPECIAL:STONE:NO_VARIANT:--------
StoneStairU,STAIR_UP:NO_SPECIAL:STONE:NO_VARIANT:--------
MineralStairUD,STAIR_UPDOWN:NO_SPECIAL:MINERAL:NO_VARIANT:--------
MineralStairD,STAIR_DOWN:NO_SPECIAL:MINERAL:NO_VARIANT:--------
MineralStairU,STAIR_UP:NO_SPECIAL:MINERAL:NO_VARIANT:--------
FeatureStairUD,STAIR_UPDOWN:NO_SPECIAL:FEATURE:NO_VARIANT:--------
FeatureStairD,STAIR_DOWN:NO_SPECIAL:FEATURE:NO_VARIANT:--------
FeatureStairU,STAIR_UP:NO_SPECIAL:FEATURE:NO_VARIANT:--------
?64?,NO_SHAPE:NO_SPECIAL:NO_MATERIAL:NO_VARIANT:--------
StoneFortification,FORTIFICATION:NO_SPECIAL:STONE:NO_VARIANT:--------
?66?,NO_SHAPE:NO_SPECIAL:NO_MATERIAL:NO_VARIANT:--------
Campfire,FLOOR:NO_SPECIAL:CAMPFIRE:NO_VARIANT:--------
?68?,NO_SHAPE:NO_SPECIAL:NO_MATERIAL:NO_VARIANT:--------
?69?,NO_SHAPE:NO_SPECIAL:NO_MATERIAL:NO_VARIANT:--------
Fire,FLOOR:NO_SPECIAL:FIRE:NO_VARIANT:--------
BurningTreeTrunk,WALL:NO_SPECIAL:FIRE:NO_VARIANT:--------
BurningTreeBranches,BRANCH:NO_SPECIAL:FIRE:NO_VARIANT:--------
BurningTreeTwigs,TWIG:NO_SPECIAL:FIRE:NO_VARIANT:--------
BurningTreeCapWall,WALL:NO_SPECIAL:FIRE:NO_VARIANT:--------
BurningTreeCapRamp,RAMP:NO_SPECIAL:FIRE:NO_VARIANT:--------
BurningTreeCapFloor,FLOOR:NO_SPECIAL:FIRE:NO_VARIANT:--------
?77?,NO_SHAPE:NO_SPECIAL:NO_MATERIAL:NO_VARIANT:--------
?78?,NO_SHAPE:NO_SPECIAL:NO_MATERIAL:NO_VARIANT:--------
StonePillar,WALL:SMOOTH:STONE:NO_VARIANT:--------
LavaPillar,WALL:SMOOTH:LAVA_STONE:NO_VARIANT:--------
FeaturePillar,WALL:SMOOTH:FEATURE:NO_VARIANT:--------
MineralPillar,WALL:SMOOTH:MINERAL:NO_VARIANT:--------
FrozenPillar,WALL:SMOOTH:FROZEN_LIQUID:NO_VARIANT:--------
?84?,NO_SHAPE:NO_SPECIAL:NO_MATERIAL:NO_VARIANT:--------
?85?,NO_SHAPE:NO_SPECIAL:NO_MATERIAL:NO_VARIANT:--------
?86?,NO_SHAPE:NO_SPECIAL:NO_MATERIAL:NO_VARIANT:--------
?87?,NO_SHAPE:NO_SPECIAL:NO_MATERIAL:NO_VARIANT:--------
?88?,NO_SHAPE:NO_SPECIAL:NO_MATERIAL:NO_VARIANT:--------
Waterfall,FLOOR:WATERFALL:RIVER:NO_VARIANT:--------
RiverSource,FLOOR:RIVER_SOURCE:RIVER:NO_VARIANT:--------
TreeRootSloping,RAMP:NO_SPECIAL:ROOT:NO_VARIANT:--------
TreeRoots,WALL:NO_SPECIAL:ROOT:NO_VARIANT:--------
TreeTrunkPillar,WALL:SMOOTH:TREE_MATERIAL:NO_VARIANT:--------
TreeTrunkSloping,RAMP:NO_SPECIAL:TREE_MATERIAL:NO_VARIANT:--------
TreeTrunkN,WALL:NO_SPECIAL:TREE_MATERIAL:NO_VARIANT:N-------
TreeTrunkS,WALL:NO_SPECIAL:TREE_MATERIAL:NO_VARIANT:--S-----
TreeTrunkE,WALL:NO_SPECIAL:TREE_MATERIAL:NO_VARIANT:------E-
TreeTrunkW,WALL:NO_SPECIAL:TREE_MATERIAL:NO_VARIANT:----W---
TreeTrunkNW,WALL:NO_SPECIAL:TREE_MATERIAL:NO_VARIANT:N---W---
TreeTrunkNE,WALL:NO_SPECIAL:TREE_MATERIAL:NO_VARIANT:N-----E-
TreeTrunkSW,WALL:NO_SPECIAL:TREE_MATERIAL:NO_VARIANT:--S-W---
TreeTrunkSE,WALL:NO_SPECIAL:TREE_MATERIAL:NO_VARIANT:--S---E-
TreeTrunkBranchN,TRUNK_BRANCH:NO_SPECIAL:TREE_MATERIAL:NO_VARIANT:N-------
TreeTrunkBranchS,TRUNK_BRANCH:NO_SPECIAL:TREE_MATERIAL:NO_VARIANT:--S-----
TreeTrunkBranchE,TRUNK_BRANCH:NO_SPECIAL:TREE_MATERIAL:NO_VARIANT:------E-
TreeTrunkBranchW,TRUNK_BRANCH:NO_SPECIAL:TREE_MATERIAL:NO_VARIANT:----W---
TreeBranchNS,BRANCH:NO_SPECIAL:TREE_MATERIAL:NO_VARIANT:N-S-----
TreeBranchEW,BRANCH:NO_SPECIAL:TREE_MATERIAL:NO_VARIANT:----W-E-
TreeBranchesSmooth,BRANCH:SMOOTH:TREE_MATERIAL:NO_VARIANT:--------
TreeDeadBranchesSmooth,BRANCH:SMOOTH_DEAD:TREE_MATERIAL:NO_VARIANT:--------
TreeBranchNW,BRANCH:NO_SPECIAL:TREE_MATERIAL:NO_VARIANT:N---W---
TreeBranchNE,BRANCH:NO_SPECIAL:TREE_MATERIAL:NO_VARIANT:N-----E-
TreeBranchSW,BRANCH:NO_SPECIAL:TREE_MATERIAL:NO_VARIANT:--S-W---
TreeBranchSE,BRANCH:NO_SPECIAL:TREE_MATERIAL:NO_VARIANT:--S---E-
TreeBranches,BRANCH:NO_SPECIAL:TREE_MATERIAL:NO_VARIANT:--------
TreeTwigs,TWIG:NO_SPECIAL:TREE_MATERIAL:NO_VARIANT:--------
TreeCapRamp,RAMP:NO_SPECIAL:MUSHROOM:NO_VARIANT:--------
TreeCapPillar,WALL:SMOOTH:MUSHROOM:NO_VARIANT:--------
TreeCapWallN,WALL:NO_SPECIAL:MUSHROOM:NO_VARIANT:N-------
TreeCapWallS,WALL:NO_SPECIAL:MUSHROOM:NO_VARIANT:--S-----
TreeCapWallE,WALL:NO_SPECIAL:MUSHROOM:NO_VARIANT:------E-
TreeCapWallW,WALL:NO_SPECIAL:MUSHROOM:NO_VARIANT:----W---
TreeCapWallNW,WALL:NO_SPECIAL:MUSHROOM:NO_VARIANT:N---W---
TreeCapWallNE,WALL:NO_SPECIAL:MUSHROOM:NO_VARIANT:N-----E-
TreeCapWallSW,WALL:NO_SPECIAL:MUSHROOM:NO_VARIANT:--S-W---
TreeCapWallSE,WALL:NO_SPECIAL:MUSHROOM:NO_VARIANT:--S---E-
TreeCapFloor1,FLOOR:NO_SPECIAL:MUSHROOM:VAR_1:--------
TreeCapFloor2,FLOOR:NO_SPECIAL:MUSHROOM:VAR_2:--------
TreeCapFloor3,FLOOR:NO_SPECIAL:MUSHROOM:VAR_3:--------
TreeCapFloor4,FLOOR:NO_SPECIAL:MUSHROOM:VAR_4:--------
TreeDeadRootSloping,RAMP:DEAD:ROOT:NO_VARIANT:--------
TreeDeadRoots,WALL:DEAD:ROOT:NO_VARIANT:--------
TreeDeadTrunkPillar,WALL:SMOOTH_DEAD:TREE_MATERIAL:NO_VARIANT:--------
TreeDeadTrunkSloping,RAMP:DEAD:TREE_MATERIAL:NO_VARIANT:--------
TreeDeadTrunkN,WALL:DEAD:TREE_MATERIAL:NO_VARIANT:N-------
TreeDeadTrunkS,WALL:DEAD:TREE_MATERIAL:NO_VARIANT:--S-----
TreeDeadTrunkE,WALL:DEAD:TREE_MATERIAL:NO_VARIANT:------E-
TreeDeadTrunkW,WALL:DEAD:TREE_MATERIAL:NO_VARIANT:----W---
TreeDeadTrunkNW,WALL:DEAD:TREE_MATERIAL:NO_VARIANT:N---W---
TreeDeadTrunkNE,WALL:DEAD:TREE_MATERIAL:NO_VARIANT:N-----E-
TreeDeadTrunkSW,WALL:DEAD:TREE_MATERIAL:NO_VARIANT:--S-W---
TreeDeadTrunkSE,WALL:DEAD:TREE_MATERIAL:NO_VARIANT:--S---E-
TreeDeadTrunkBranchN,TRUNK_BRANCH:DEAD:TREE_MATERIAL:NO_VARIANT:N-------
TreeDeadTrunkBranchS,TRUNK_BRANCH:DEAD:TREE_MATERIAL:NO_VARIANT:--S-----
TreeDeadTrunkBranchE,TRUNK_BRANCH:DEAD:TREE_MATERIAL:NO_VARIANT:------E-
TreeDeadTrunkBranchW,TRUNK_BRANCH:DEAD:TREE_MATERIAL:NO_VARIANT:----W---
TreeDeadBranchNS,BRANCH:DEAD:TREE_MATERIAL:NO_VARIANT:N-S-----
TreeDeadBranchEW,BRANCH:DEAD:TREE_MATERIAL:NO_VARIANT:----W-E-
?149?,NO_SHAPE:NO_SPECIAL:NO_MATERIAL:NO_VARIANT:--------
?150?,NO_SHAPE:NO_SPECIAL:NO_MATERIAL:NO_VARIANT:--------
TreeDeadBranchNW,BRANCH:DEAD:TREE_MATERIAL:NO_VARIANT:N---W---
TreeDeadBranchNE,BRANCH:DEAD:TREE_MATERIAL:NO_VARIANT:N-----E-
TreeDeadBranchSW,BRANCH:DEAD:TREE_MATERIAL:NO_VARIANT:--S-W---
TreeDeadBranchSE,BRANCH:DEAD:TREE_MATERIAL:NO_VARIANT:--S---E-
TreeDeadBranches,BRANCH:DEAD:TREE_MATERIAL:NO_VARIANT:--------
TreeDeadTwigs,TWIG:DEAD:TREE_MATERIAL:NO_VARIANT:--------
TreeDeadCapRamp,RAMP:DEAD:MUSHROOM:NO_VARIANT:--------
TreeDeadCapPillar,WALL:SMOOTH_DEAD:MUSHROOM:NO_VARIANT:--------
TreeDeadCapWallN,WALL:DEAD:MUSHROOM:NO_VARIANT:N-------
TreeDeadCapWallS,WALL:DEAD:MUSHROOM:NO_VARIANT:--S-----
TreeDeadCapWallE,WALL:DEAD:MUSHROOM:NO_VARIANT:------E-
TreeDeadCapWallW,WALL:DEAD:MUSHROOM:NO_VARIANT:----W---
TreeDeadCapWallNW,WALL:DEAD:MUSHROOM:NO_VARIANT:N---W---
TreeDeadCapWallNE,WALL:DEAD:MUSHROOM:NO_VARIANT:N-----E-
TreeDeadCapWallSW,WALL:DEAD:MUSHROOM:NO_VARIANT:--S-W---
TreeDeadCapWallSE,WALL:DEAD:MUSHROOM:NO_VARIANT:--S---E-
TreeDeadCapFloor1,FLOOR:DEAD:MUSHROOM:VAR_1:--------
TreeDeadCapFloor2,FLOOR:DEAD:MUSHROOM:VAR_2:--------
TreeDeadCapFloor3,FLOOR:DEAD:MUSHROOM:VAR_3:--------
TreeDeadCapFloor4,FLOOR:DEAD:MUSHROOM:VAR_4:--------
?171?,NO_SHAPE:NO_SPECIAL:NO_MATERIAL:NO_VARIANT:--------
StoneWallWorn1,WALL:WORN_1:STONE:NO_VARIANT:--------
StoneWallWorn2,WALL:WORN_2:STONE:NO_VARIANT:--------
StoneWallWorn3,WALL:WORN_3:STONE:NO_VARIANT:--------
TreeBranchNSE,BRANCH:NO_SPECIAL:TREE_MATERIAL:NO_VARIANT:N-S---E-
TreeBranchNSW,BRANCH:NO_SPECIAL:TREE_MATERIAL:NO_VARIANT:N-S-W---
TreeBranchNEW,BRANCH:NO_SPECIAL:TREE_MATERIAL:NO_VARIANT:N---W-E-
TreeBranchSEW,BRANCH:NO_SPECIAL:TREE_MATERIAL:NO_VARIANT:--S-W-E-
TreeBranchNSEW,BRANCH:NO_SPECIAL:TREE_MATERIAL:NO_VARIANT:N-S-W-E-
TreeDeadBranchNSE,BRANCH:DEAD:TREE_MATERIAL:NO_VARIANT:N-S-W---
TreeDeadBranchNSW,BRANCH:DEAD:TREE_MATERIAL:NO_VARIANT:N---W-E-
TreeDeadBranchNEW,BRANCH:DEAD:TREE_MATERIAL:NO_VARIANT:N---W-E-
TreeDeadBranchSEW,BRANCH:DEAD:TREE_MATERIAL:NO_VARIANT:--S-W-E-
TreeDeadBranchNSEW,BRANCH:DEAD:TREE_MATERIAL:NO_VARIANT:N-S-W-E-
TreeTrunkNSE,WALL:NO_SPECIAL:TREE_MATERIAL:NO_VARIANT:N-S---E-
TreeTrunkNSW,WALL:NO_SPECIAL:TREE_MATERIAL:NO_VARIANT:N-S-W---
TreeTrunkNEW,WALL:NO_SPECIAL:TREE_MATERIAL:NO_VARIANT:N---W-E-
TreeTrunkSEW,WALL:NO_SPECIAL:TREE_MATERIAL:NO_VARIANT:--S-W-E-
TreeTrunkNS,WALL:NO_SPECIAL:TREE_MATERIAL:NO_VARIANT:N-S-----
TreeTrunkEW,WALL:NO_SPECIAL:TREE_MATERIAL:NO_VARIANT:----W-E-
TreeTrunkNSEW,WALL:NO_SPECIAL:TREE_MATERIAL:NO_VARIANT:N-S-W-E-
TreeTrunkInterior,WALL:NO_SPECIAL:TREE_MATERIAL:NO_VARIANT:--------
TreeDeadTrunkNSE,WALL:DEAD:TREE_MATERIAL:NO_VARIANT:N-S---E-
TreeDeadTrunkNSW,WALL:DEAD:TREE_MATERIAL:NO_VARIANT:N-S-W---
TreeDeadTrunkNEW,WALL:DEAD:TREE_MATERIAL:NO_VARIANT:N---W-E-
TreeDeadTrunkSEW,WALL:DEAD:TREE_MATERIAL:NO_VARIANT:--S-W-E-
TreeDeadTrunkNS,WALL:DEAD:TREE_MATERIAL:NO_VARIANT:N-S-----
TreeDeadTrunkEW,WALL:DEAD:TREE_MATERIAL:NO_VARIANT:----W-E-
TreeDeadTrunkNSEW,WALL:DEAD:TREE_MATERIAL:NO_VARIANT:N-S-W-E-
TreeDeadTrunkInterior,WALL:DEAD:TREE_MATERIAL:NO_VARIANT:--------
?201?,NO_SHAPE:NO_SPECIAL:NO_MATERIAL:NO_VARIANT:--------
?202?,NO_SHAPE:NO_SPECIAL:NO_MATERIAL:NO_VARIANT:--------
?203?,NO_SHAPE:NO_SPECIAL:NO_MATERIAL:NO_VARIANT:--------
?204?,NO_SHAPE:NO_SPECIAL:NO_MATERIAL:NO_VARIANT:--------
?205?,NO_SHAPE:NO_SPECIAL:NO_MATERIAL:NO_VARIANT:--------
?206?,NO_SHAPE:NO_SPECIAL:NO_MATERIAL:NO_VARIANT:--------
?207?,NO_SHAPE:NO_SPECIAL:NO_MATERIAL:NO_VARIANT:--------
?208?,NO_SHAPE:NO_SPECIAL:NO_MATERIAL:NO_VARIANT:--------
?209?,NO_SHAPE:NO_SPECIAL:NO_MATERIAL:NO_VARIANT:--------
?210?,NO_SHAPE:NO_SPECIAL:NO_MATERIAL:NO_VARIANT:--------
?211?,NO_SHAPE:NO_SPECIAL:NO_MATERIAL:NO_VARIANT:--------
?212?,NO_SHAPE:NO_SPECIAL:NO_MATERIAL:NO_VARIANT:--------
?213?,NO_SHAPE:NO_SPECIAL:NO_MATERIAL:NO_VARIANT:--------
?214?,NO_SHAPE:NO_SPECIAL:NO_MATERIAL:NO_VARIANT:--------
StoneWall,WALL:NORMAL:STONE:NO_VARIANT:--------
?216?,NO_SHAPE:NO_SPECIAL:NO_MATERIAL:NO_VARIANT:--------
?217?,NO_SHAPE:NO_SPECIAL:NO_MATERIAL:NO_VARIANT:--------
?218?,NO_SHAPE:NO_SPECIAL:NO_MATERIAL:NO_VARIANT:--------
?219?,NO_SHAPE:NO_SPECIAL:NO_MATERIAL:NO_VARIANT:--------
?220?,NO_SHAPE:NO_SPECIAL:NO_MATERIAL:NO_VARIANT:--------
?221?,NO_SHAPE:NO_SPECIAL:NO_MATERIAL:NO_VARIANT:--------
?222?,NO_SHAPE:NO_SPECIAL:NO_MATERIAL:NO_VARIANT:--------
?223?,NO_SHAPE:NO_SPECIAL:NO_MATERIAL:NO_VARIANT:--------
?224?,NO_SHAPE:NO_SPECIAL:NO_MATERIAL:NO_VARIANT:--------
?225?,NO_SHAPE:NO_SPECIAL:NO_MATERIAL:NO_VARIANT:--------
?226?,NO_SHAPE:NO_SPECIAL:NO_MATERIAL:NO_VARIANT:--------
Sapling,SAPLING:NORMAL:PLANT:NO_VARIANT:--------
?228?,NO_SHAPE:NO_SPECIAL:NO_MATERIAL:NO_VARIANT:--------
GrassDryRamp,RAMP:NO_SPECIAL:GRASS_DRY:NO_VARIANT:--------
GrassDeadRamp,RAMP:NO_SPECIAL:GRASS_DEAD:NO_VARIANT:--------
GrassLightRamp,RAMP:NO_SPECIAL:GRASS_LIGHT:NO_VARIANT:--------
GrassDarkRamp,RAMP:NO_SPECIAL:GRASS_DARK:NO_VARIANT:--------
StoneRamp,RAMP:NO_SPECIAL:STONE:NO_VARIANT:--------
LavaRamp,RAMP:NO_SPECIAL:LAVA_STONE:NO_VARIANT:--------
FeatureRamp,RAMP:NO_SPECIAL:FEATURE:NO_VARIANT:--------
MineralRamp,RAMP:NO_SPECIAL:MINERAL:NO_VARIANT:--------
SoilRamp,RAMP:NO_SPECIAL:SOIL:NO_VARIANT:--------
Ashes1,FLOOR:NO_SPECIAL:ASHES:VAR_1:--------
Ashes2,FLOOR:NO_SPECIAL:ASHES:VAR_2:--------
Ashes3,FLOOR:NO_SPECIAL:ASHES:VAR_3:--------
FrozenRamp,RAMP:NO_SPECIAL:FROZEN_LIQUID:NO_VARIANT:--------
?242?,NO_SHAPE:NO_SPECIAL:NO_MATERIAL:NO_VARIANT:--------
?243?,NO_SHAPE:NO_SPECIAL:NO_MATERIAL:NO_VARIANT:--------
?244?,NO_SHAPE:NO_SPECIAL:NO_MATERIAL:NO_VARIANT:--------
?245?,NO_SHAPE:NO_SPECIAL:NO_MATERIAL:NO_VARIANT:--------
?246?,NO_SHAPE:NO_SPECIAL:NO_MATERIAL:NO_VARIANT:--------
?247?,NO_SHAPE:NO_SPECIAL:NO_MATERIAL:NO_VARIANT:--------
?248?,NO_SHAPE:NO_SPECIAL:NO_MATERIAL:NO_VARIANT:--------
?249?,NO_SHAPE:NO_SPECIAL:NO_MATERIAL:NO_VARIANT:--------
?250?,NO_SHAPE:NO_SPECIAL:NO_MATERIAL:NO_VARIANT:--------
?251?,NO_SHAPE:NO_SPECIAL:NO_MATERIAL:NO_VARIANT:--------
?252?,NO_SHAPE:NO_SPECIAL:NO_MATERIAL:NO_VARIANT:--------
?253?,NO_SHAPE:NO_SPECIAL:NO_MATERIAL:NO_VARIANT:--------
FrozenFloor2,FLOOR:NORMAL:FROZEN_LIQUID:VAR_2:--------
FrozenFloor3,FLOOR:NORMAL:FROZEN_LIQUID:VAR_3:--------
FrozenFloor4,FLOOR:NORMAL:FROZEN_LIQUID:VAR_4:--------
FurrowedSoil,FLOOR:FURROWED:SOIL:NO_VARIANT:--------
FrozenFloor1,FLOOR:NORMAL:FROZEN_LIQUID:VAR_1:--------
SemiMoltenRock,WALL:NO_SPECIAL:MAGMA:NO_VARIANT:--------
MagmaFlow,FLOOR:NO_SPECIAL:MAGMA:NO_VARIANT:--------
SoilWall,WALL:NO_SPECIAL:SOIL:NO_VARIANT:--------
GlowingBarrier,WALL:NO_SPECIAL:HFS:NO_VARIANT:--------
GlowingFloor,FLOOR:NO_SPECIAL:HFS:NO_VARIANT:--------
?264?,NO_SHAPE:NO_SPECIAL:NO_MATERIAL:NO_VARIANT:--------
LavaWallSmoothRD2,WALL:SMOOTH:LAVA_STONE:NO_VARIANT:--SS--E-
LavaWallSmoothR2D,WALL:SMOOTH:LAVA_STONE:NO_VARIANT:--S---EE
LavaWallSmoothR2U,WALL:SMOOTH:LAVA_STONE:NO_VARIANT:N-----EE
LavaWallSmoothRU2,WALL:SMOOTH:LAVA_STONE:NO_VARIANT:NN----E-
LavaWallSmoothL2U,WALL:SMOOTH:LAVA_STONE:NO_VARIANT:N---WW--
LavaWallSmoothLU2,WALL:SMOOTH:LAVA_STONE:NO_VARIANT:NN--W---
LavaWallSmoothL2D,WALL:SMOOTH:LAVA_STONE:NO_VARIANT:--S-WW--
LavaWallSmoothLD2,WALL:SMOOTH:LAVA_STONE:NO_VARIANT:--SSW---
LavaWallSmoothLRUD,WALL:SMOOTH:LAVA_STONE:NO_VARIANT:N-S-W-E-
LavaWallSmoothRUD,WALL:SMOOTH:LAVA_STONE:NO_VARIANT:N-S---E-
LavaWallSmoothLRD,WALL:SMOOTH:LAVA_STONE:NO_VARIANT:--S-W-E-
LavaWallSmoothLRU,WALL:SMOOTH:LAVA_STONE:NO_VARIANT:N---W-E-
LavaWallSmoothLUD,WALL:SMOOTH:LAVA_STONE:NO_VARIANT:N-S-W---
LavaWallSmoothRD,WALL:SMOOTH:LAVA_STONE:NO_VARIANT:--S---E-
LavaWallSmoothRU,WALL:SMOOTH:LAVA_STONE:NO_VARIANT:N-----E-
LavaWallSmoothLU,WALL:SMOOTH:LAVA_STONE:NO_VARIANT:N---W---
LavaWallSmoothLD,WALL:SMOOTH:LAVA_STONE:NO_VARIANT:--S-W---
LavaWallSmoothUD,WALL:SMOOTH:LAVA_STONE:NO_VARIANT:N-S-----
LavaWallSmoothLR,WALL:SMOOTH:LAVA_STONE:NO_VARIANT:----W-E-
FeatureWallSmoothRD2,WALL:SMOOTH:FEATURE:NO_VARIANT:--SS--E-
FeatureWallSmoothR2D,WALL:SMOOTH:FEATURE:NO_VARIANT:--S---EE
FeatureWallSmoothR2U,WALL:SMOOTH:FEATURE:NO_VARIANT:N-----EE
FeatureWallSmoothRU2,WALL:SMOOTH:FEATURE:NO_VARIANT:NN----E-
FeatureWallSmoothL2U,WALL:SMOOTH:FEATURE:NO_VARIANT:N---WW--
FeatureWallSmoothLU2,WALL:SMOOTH:FEATURE:NO_VARIANT:NN--W---
FeatureWallSmoothL2D,WALL:SMOOTH:FEATURE:NO_VARIANT:--S-WW--
FeatureWallSmoothLD2,WALL:SMOOTH:FEATURE:NO_VARIANT:--SSW---
FeatureWallSmoothLRUD,WALL:SMOOTH:FEATURE:NO_VARIANT:N-S-W-E-
FeatureWallSmoothRUD,WALL:SMOOTH:FEATURE:NO_VARIANT:N-S---E-
FeatureWallSmoothLRD,WALL:SMOOTH:FEATURE:NO_VARIANT:--S-W-E-
FeatureWallSmoothLRU,WALL:SMOOTH:FEATURE:NO_VARIANT:N---W-E-
FeatureWallSmoothLUD,WALL:SMOOTH:FEATURE:NO_VARIANT:N-S-W---
FeatureWallSmoothRD,WALL:SMOOTH:FEATURE:NO_VARIANT:--S---E-
FeatureWallSmoothRU,WALL:SMOOTH:FEATURE:NO_VARIANT:N-----E-
FeatureWallSmoothLU,WALL:SMOOTH:FEATURE:NO_VARIANT:N---W---
FeatureWallSmoothLD,WALL:SMOOTH:FEATURE:NO_VARIANT:--S-W---
FeatureWallSmoothUD,WALL:SMOOTH:FEATURE:NO_VARIANT:N-S-----
FeatureWallSmoothLR,WALL:SMOOTH:FEATURE:NO_VARIANT:----W-E-
StoneWallSmoothRD2,WALL:SMOOTH:STONE:NO_VARIANT:--SS--E-
StoneWallSmoothR2D,WALL:SMOOTH:STONE:NO_VARIANT:--S---EE
StoneWallSmoothR2U,WALL:SMOOTH:STONE:NO_VARIANT:N-----EE
StoneWallSmoothRU2,WALL:SMOOTH:STONE:NO_VARIANT:NN----E-
StoneWallSmoothL2U,WALL:SMOOTH:STONE:NO_VARIANT:N---WW--
StoneWallSmoothLU2,WALL:SMOOTH:STONE:NO_VARIANT:NN--W---
StoneWallSmoothL2D,WALL:SMOOTH:STONE:NO_VARIANT:--S-WW--
StoneWallSmoothLD2,WALL:SMOOTH:STONE:NO_VARIANT:--SSW---
StoneWallSmoothLRUD,WALL:SMOOTH:STONE:NO_VARIANT:N-S-W-E-
StoneWallSmoothRUD,WALL:SMOOTH:STONE:NO_VARIANT:N-S---E-
StoneWallSmoothLRD,WALL:SMOOTH:STONE:NO_VARIANT:--S-W-E-
StoneWallSmoothLRU,WALL:SMOOTH:STONE:NO_VARIANT:N---W-E-
StoneWallSmoothLUD,WALL:SMOOTH:STONE:NO_VARIANT:N-S-W---
StoneWallSmoothRD,WALL:SMOOTH:STONE:NO_VARIANT:--S---E-
StoneWallSmoothRU,WALL:SMOOTH:STONE:NO_VARIANT:N-----E-
StoneWallSmoothLU,WALL:SMOOTH:STONE:NO_VARIANT:N---W---
StoneWallSmoothLD,WALL:SMOOTH:STONE:NO_VARIANT:--S-W---
StoneWallSmoothUD,WALL:SMOOTH:STONE:NO_VARIANT:N-S-----
StoneWallSmoothLR,WALL:SMOOTH:STONE:NO_VARIANT:----W-E-
LavaFortification,FORTIFICATION:NO_SPECIAL:LAVA_STONE:NO_VARIANT:--------
FeatureFortification,FORTIFICATION:NO_SPECIAL:FEATURE:NO_VARIANT:--------
LavaWallWorn1,WALL:WORN_1:LAVA_STONE:NO_VARIANT:--------
LavaWallWorn2,WALL:WORN_2:LAVA_STONE:NO_VARIANT:--------
LavaWallWorn3,WALL:WORN_3:LAVA_STONE:NO_VARIANT:--------
LavaWall,WALL:NORMAL:LAVA_STONE:NO_VARIANT:--------
FeatureWallWorn1,WALL:WORN_1:FEATURE:NO_VARIANT:--------
FeatureWallWorn2,WALL:WORN_2:FEATURE:NO_VARIANT:--------
FeatureWallWorn3,WALL:WORN_3:FEATURE:NO_VARIANT:--------
FeatureWall,WALL:NORMAL:FEATURE:NO_VARIANT:--------
StoneFloor1,FLOOR:NORMAL:STONE:VAR_1:--------
StoneFloor2,FLOOR:NORMAL:STONE:VAR_2:--------
StoneFloor3,FLOOR:NORMAL:STONE:VAR_3:--------
StoneFloor4,FLOOR:NORMAL:STONE:VAR_4:--------
LavaFloor1,FLOOR:NORMAL:LAVA_STONE:VAR_1:--------
LavaFloor2,FLOOR:NORMAL:LAVA_STONE:VAR_2:--------
LavaFloor3,FLOOR:NORMAL:LAVA_STONE:VAR_3:--------
LavaFloor4,FLOOR:NORMAL:LAVA_STONE:VAR_4:--------
FeatureFloor1,FLOOR:NORMAL:FEATURE:VAR_1:--------
FeatureFloor2,FLOOR:NORMAL:FEATURE:VAR_2:--------
FeatureFloor3,FLOOR:NORMAL:FEATURE:VAR_3:--------
FeatureFloor4,FLOOR:NORMAL:FEATURE:VAR_4:--------
GrassDarkFloor1,FLOOR:NO_SPECIAL:GRASS_DARK:VAR_1:--------
GrassDarkFloor2,FLOOR:NO_SPECIAL:GRASS_DARK:VAR_2:--------
GrassDarkFloor3,FLOOR:NO_SPECIAL:GRASS_DARK:VAR_3:--------
GrassDarkFloor4,FLOOR:NO_SPECIAL:GRASS_DARK:VAR_4:--------
SoilFloor1,FLOOR:NORMAL:SOIL:VAR_1:--------
SoilFloor2,FLOOR:NORMAL:SOIL:VAR_2:--------
SoilFloor3,FLOOR:NORMAL:SOIL:VAR_3:--------
SoilFloor4,FLOOR:NORMAL:SOIL:VAR_4:--------
SoilWetFloor1,FLOOR:WET:SOIL:VAR_1:--------
SoilWetFloor2,FLOOR:WET:SOIL:VAR_2:--------
SoilWetFloor3,FLOOR:WET:SOIL:VAR_3:--------
SoilWetFloor4,FLOOR:WET:SOIL:VAR_4:--------
FrozenFortification,FORTIFICATION:NO_SPECIAL:FROZEN_LIQUID:NO_VARIANT:--------
FrozenWallWorn1,WALL:WORN_1:FROZEN_LIQUID:NO_VARIANT:--------
FrozenWallWorn2,WALL:WORN_2:FROZEN_LIQUID:NO_VARIANT:--------
FrozenWallWorn3,WALL:WORN_3:FROZEN_LIQUID:NO_VARIANT:--------
FrozenWall,WALL:NORMAL:FROZEN_LIQUID:NO_VARIANT:--------
RiverN,FLOOR:NORMAL:RIVER:NO_VARIANT:N-------
RiverS,FLOOR:NORMAL:RIVER:NO_VARIANT:--S-----
RiverE,FLOOR:NORMAL:RIVER:NO_VARIANT:------E-
RiverW,FLOOR:NORMAL:RIVER:NO_VARIANT:----W---
RiverNW,FLOOR:NORMAL:RIVER:NO_VARIANT:N---W---
RiverNE,FLOOR:NORMAL:RIVER:NO_VARIANT:N-----E-
RiverSW,FLOOR:NORMAL:RIVER:NO_VARIANT:--S-W---
RiverSE,FLOOR:NORMAL:RIVER:NO_VARIANT:--S---E-
BrookN,BROOK_BED:NO_SPECIAL:BROOK:NO_VARIANT:N-------
BrookS,BROOK_BED:NO_SPECIAL:BROOK:NO_VARIANT:--S-----
BrookE,BROOK_BED:NO_SPECIAL:BROOK:NO_VARIANT:------E-
BrookW,BROOK_BED:NO_SPECIAL:BROOK:NO_VARIANT:----W---
BrookNW,BROOK_BED:NO_SPECIAL:BROOK:NO_VARIANT:N---W---
BrookNE,BROOK_BED:NO_SPECIAL:BROOK:NO_VARIANT:N-----E-
BrookSW,BROOK_BED:NO_SPECIAL:BROOK:NO_VARIANT:--S-W---
BrookSE,BROOK_BED:NO_SPECIAL:BROOK:NO_VARIANT:--S---E-
BrookTop,BROOK_TOP:NO_SPECIAL:BROOK:NO_VARIANT:--------
?378?,NO_SHAPE:NO_SPECIAL:NO_MATERIAL:NO_VARIANT:--------
?379?,NO_SHAPE:NO_SPECIAL:NO_MATERIAL:NO_VARIANT:--------
?380?,NO_SHAPE:NO_SPECIAL:NO_MATERIAL:NO_VARIANT:--------
?381?,NO_SHAPE:NO_SPECIAL:NO_MATERIAL:NO_VARIANT:--------
?382?,NO_SHAPE:NO_SPECIAL:NO_MATERIAL:NO_VARIANT:--------
GrassDryFloor1,FLOOR:NO_SPECIAL:GRASS_DRY:VAR_1:--------
GrassDryFloor2,FLOOR:NO_SPECIAL:GRASS_DRY:VAR_2:--------
GrassDryFloor3,FLOOR:NO_SPECIAL:GRASS_DRY:VAR_3:--------
GrassDryFloor4,FLOOR:NO_SPECIAL:GRASS_DRY:VAR_4:--------
?387?,NO_SHAPE:NO_SPECIAL:NO_MATERIAL:NO_VARIANT:--------
SaplingDead,SAPLING:DEAD:PLANT:NO_VARIANT:--------
ShrubDead,SHRUB:DEAD:PLANT:NO_VARIANT:--------
GrassDeadFloor1,FLOOR:NO_SPECIAL:GRASS_DEAD:VAR_1:--------
GrassDeadFloor2,FLOOR:NO_SPECIAL:GRASS_DEAD:VAR_2:--------
GrassDeadFloor3,FLOOR:NO_SPECIAL:GRASS_DEAD:VAR_3:--------
GrassDeadFloor4,FLOOR:NO_SPECIAL:GRASS_DEAD:VAR_4:--------
GrassLightFloor1,FLOOR:NO_SPECIAL:GRASS_LIGHT:VAR_1:--------
GrassLightFloor2,FLOOR:NO_SPECIAL:GRASS_LIGHT:VAR_2:--------
GrassLightFloor3,FLOOR:NO_SPECIAL:GRASS_LIGHT:VAR_3:--------
GrassLightFloor4,FLOOR:NO_SPECIAL:GRASS_LIGHT:VAR_4:--------
StoneBoulder,BOULDER:NO_SPECIAL:STONE:NO_VARIANT:--------
LavaBoulder,BOULDER:NO_SPECIAL:LAVA_STONE:NO_VARIANT:--------
FeatureBoulder,BOULDER:NO_SPECIAL:FEATURE:NO_VARIANT:--------
StonePebbles1,PEBBLES:NO_SPECIAL:STONE:VAR_1:--------
StonePebbles2,PEBBLES:NO_SPECIAL:STONE:VAR_2:--------
StonePebbles3,PEBBLES:NO_SPECIAL:STONE:VAR_3:--------
StonePebbles4,PEBBLES:NO_SPECIAL:STONE:VAR_4:--------
LavaPebbles1,PEBBLES:NO_SPECIAL:LAVA_STONE:VAR_1:--------
LavaPebbles2,PEBBLES:NO_SPECIAL:LAVA_STONE:VAR_2:--------
LavaPebbles3,PEBBLES:NO_SPECIAL:LAVA_STONE:VAR_3:--------
LavaPebbles4,PEBBLES:NO_SPECIAL:LAVA_STONE:VAR_4:--------
FeaturePebbles1,PEBBLES:NO_SPECIAL:FEATURE:VAR_1:--------
FeaturePebbles2,PEBBLES:NO_SPECIAL:FEATURE:VAR_2:--------
FeaturePebbles3,PEBBLES:NO_SPECIAL:FEATURE:VAR_3:--------
FeaturePebbles4,PEBBLES:NO_SPECIAL:FEATURE:VAR_4:--------
MineralWallSmoothRD2,WALL:SMOOTH:MINERAL:NO_VARIANT:--SS--E-
MineralWallSmoothR2D,WALL:SMOOTH:MINERAL:NO_VARIANT:--S---EE
MineralWallSmoothR2U,WALL:SMOOTH:MINERAL:NO_VARIANT:N-----EE
MineralWallSmoothRU2,WALL:SMOOTH:MINERAL:NO_VARIANT:NN----E-
MineralWallSmoothL2U,WALL:SMOOTH:MINERAL:NO_VARIANT:N---WW--
MineralWallSmoothLU2,WALL:SMOOTH:MINERAL:NO_VARIANT:NN--W---
MineralWallSmoothL2D,WALL:SMOOTH:MINERAL:NO_VARIANT:--S-WW--
MineralWallSmoothLD2,WALL:SMOOTH:MINERAL:NO_VARIANT:--SSW---
MineralWallSmoothLRUD,WALL:SMOOTH:MINERAL:NO_VARIANT:N-S-W-E-
MineralWallSmoothRUD,WALL:SMOOTH:MINERAL:NO_VARIANT:N-S---E-
MineralWallSmoothLRD,WALL:SMOOTH:MINERAL:NO_VARIANT:--S-W-E-
MineralWallSmoothLRU,WALL:SMOOTH:MINERAL:NO_VARIANT:N---W-E-
MineralWallSmoothLUD,WALL:SMOOTH:MINERAL:NO_VARIANT:N-S-W---
MineralWallSmoothRD,WALL:SMOOTH:MINERAL:NO_VARIANT:--S---E-
MineralWallSmoothRU,WALL:SMOOTH:MINERAL:NO_VARIANT:N-----E-
MineralWallSmoothLU,WALL:SMOOTH:MINERAL:NO_VARIANT:N---W---
MineralWallSmoothLD,WALL:SMOOTH:MINERAL:NO_VARIANT:--S-W---
MineralWallSmoothUD,WALL:SMOOTH:MINERAL:NO_VARIANT:N-S-----
MineralWallSmoothLR,WALL:SMOOTH:MINERAL:NO_VARIANT:----W-E-
MineralFortification,FORTIFICATION:NO_SPECIAL:MINERAL:NO_VARIANT:--------
MineralWallWorn1,WALL:WORN_1:MINERAL:NO_VARIANT:--------
MineralWallWorn2,WALL:WORN_2:MINERAL:NO_VARIANT:--------
MineralWallWorn3,WALL:WORN_3:MINERAL:NO_VARIANT:--------
MineralWall,WALL:NORMAL:MINERAL:NO_VARIANT:--------
MineralFloor1,FLOOR:NORMAL:MINERAL:VAR_1:--------
MineralFloor2,FLOOR:NORMAL:MINERAL:VAR_2:--------
MineralFloor3,FLOOR:NORMAL:MINERAL:VAR_3:--------
MineralFloor4,FLOOR:NORMAL:MINERAL:VAR_4:--------
MineralBoulder,BOULDER:NO_SPECIAL:MINERAL:NO_VARIANT:--------
MineralPebbles1,PEBBLES:NO_SPECIAL:MINERAL:VAR_1:--------
MineralPebbles2,PEBBLES:NO_SPECIAL:MINERAL:VAR_2:--------
MineralPebbles3,PEBBLES:NO_SPECIAL:MINERAL:VAR_3:--------
MineralPebbles4,PEBBLES:NO_SPECIAL:MINERAL:VAR_4:--------
FrozenWallSmoothRD2,WALL:SMOOTH:FROZEN_LIQUID:NO_VARIANT:--SS--E-
FrozenWallSmoothR2D,WALL:SMOOTH:FROZEN_LIQUID:NO_VARIANT:--S---EE
FrozenWallSmoothR2U,WALL:SMOOTH:FROZEN_LIQUID:NO_VARIANT:N-----EE
FrozenWallSmoothRU2,WALL:SMOOTH:FROZEN_LIQUID:NO_VARIANT:NN----E-
FrozenWallSmoothL2U,WALL:SMOOTH:FROZEN_LIQUID:NO_VARIANT:N---WW--
FrozenWallSmoothLU2,WALL:SMOOTH:FROZEN_LIQUID:NO_VARIANT:NN--W---
FrozenWallSmoothL2D,WALL:SMOOTH:FROZEN_LIQUID:NO_VARIANT:--S-WW--
FrozenWallSmoothLD2,WALL:SMOOTH:FROZEN_LIQUID:NO_VARIANT:--SSW---
FrozenWallSmoothLRUD,WALL:SMOOTH:FROZEN_LIQUID:NO_VARIANT:N-S-W-E-
FrozenWallSmoothRUD,WALL:SMOOTH:FROZEN_LIQUID:NO_VARIANT:N-S---E-
FrozenWallSmoothLRD,WALL:SMOOTH:FROZEN_LIQUID:NO_VARIANT:--S-W-E-
FrozenWallSmoothLRU,WALL:SMOOTH:FROZEN_LIQUID:NO_VARIANT:N---W-E-
FrozenWallSmoothLUD,WALL:SMOOTH:FROZEN_LIQUID:NO_VARIANT:N-S-W---
FrozenWallSmoothRD,WALL:SMOOTH:FROZEN_LIQUID:NO_VARIANT:--S---E-
FrozenWallSmoothRU,WALL:SMOOTH:FROZEN_LIQUID:NO_VARIANT:N-----E-
FrozenWallSmoothLU,WALL:SMOOTH:FROZEN_LIQUID:NO_VARIANT:N---W---
FrozenWallSmoothLD,WALL:SMOOTH:FROZEN_LIQUID:NO_VARIANT:--S-W---
FrozenWallSmoothUD,WALL:SMOOTH:FROZEN_LIQUID:NO_VARIANT:N-S-----
FrozenWallSmoothLR,WALL:SMOOTH:FROZEN_LIQUID:NO_VARIANT:----W-E-
RiverRampN,RAMP:NO_SPECIAL:RIVER:NO_VARIANT:N-------
RiverRampS,RAMP:NO_SPECIAL:RIVER:NO_VARIANT:--S-----
RiverRampE,RAMP:NO_SPECIAL:RIVER:NO_VARIANT:------E-
RiverRampW,RAMP:NO_SPECIAL:RIVER:NO_VARIANT:----W---
RiverRampNW,RAMP:NO_SPECIAL:RIVER:NO_VARIANT:N---W---
RiverRampNE,RAMP:NO_SPECIAL:RIVER:NO_VARIANT:N-----E-
RiverRampSW,RAMP:NO_SPECIAL:RIVER:NO_VARIANT:--S-W---
RiverRampSE,RAMP:NO_SPECIAL:RIVER:NO_VARIANT:--S---E-
?473?,NO_SHAPE:NO_SPECIAL:NO_MATERIAL:NO_VARIANT:--------
?474?,NO_SHAPE:NO_SPECIAL:NO_MATERIAL:NO_VARIANT:--------
?475?,NO_SHAPE:NO_SPECIAL:NO_MATERIAL:NO_VARIANT:--------
?476?,NO_SHAPE:NO_SPECIAL:NO_MATERIAL:NO_VARIANT:--------
?477?,NO_SHAPE:NO_SPECIAL:NO_MATERIAL:NO_VARIANT:--------
?478?,NO_SHAPE:NO_SPECIAL:NO_MATERIAL:NO_VARIANT:--------
?479?,NO_SHAPE:NO_SPECIAL:NO_MATERIAL:NO_VARIANT:--------
?480?,NO_SHAPE:NO_SPECIAL:NO_MATERIAL:NO_VARIANT:--------
?481?,NO_SHAPE:NO_SPECIAL:NO_MATERIAL:NO_VARIANT:--------
?482?,NO_SHAPE:NO_SPECIAL:NO_MATERIAL:NO_VARIANT:--------
?483?,NO_SHAPE:NO_SPECIAL:NO_MATERIAL:NO_VARIANT:--------
?484?,NO_SHAPE:NO_SPECIAL:NO_MATERIAL:NO_VARIANT:--------
?485?,NO_SHAPE:NO_SPECIAL:NO_MATERIAL:NO_VARIANT:--------
?486?,NO_SHAPE:NO_SPECIAL:NO_MATERIAL:NO_VARIANT:--------
?487?,NO_SHAPE:NO_SPECIAL:NO_MATERIAL:NO_VARIANT:--------
?488?,NO_SHAPE:NO_SPECIAL:NO_MATERIAL:NO_VARIANT:--------
ConstructedFloor,FLOOR:SMOOTH:CONSTRUCTION:NO_VARIANT:--------
ConstructedFortification,FORTIFICATION:NO_SPECIAL:CONSTRUCTION:NO_VARIANT:--------
ConstructedPillar,WALL:SMOOTH:CONSTRUCTION:NO_VARIANT:--------
ConstructedWallRD2,WALL:SMOOTH:CONSTRUCTION:NO_VARIANT:--SS--E-
ConstructedWallR2D,WALL:SMOOTH:CONSTRUCTION:NO_VARIANT:--S---EE
ConstructedWallR2U,WALL:SMOOTH:CONSTRUCTION:NO_VARIANT:N-----EE
ConstructedWallRU2,WALL:SMOOTH:CONSTRUCTION:NO_VARIANT:NN----E-
ConstructedWallL2U,WALL:SMOOTH:CONSTRUCTION:NO_VARIANT:N---WW--
ConstructedWallLU2,WALL:SMOOTH:CONSTRUCTION:NO_VARIANT:NN--W---
ConstructedWallL2D,WALL:SMOOTH:CONSTRUCTION:NO_VARIANT:--S-WW--
ConstructedWallLD2,WALL:SMOOTH:CONSTRUCTION:NO_VARIANT:--SSW---
ConstructedWallLRUD,WALL:SMOOTH:CONSTRUCTION:NO_VARIANT:N-S-W-E-
ConstructedWallRUD,WALL:SMOOTH:CONSTRUCTION:NO_VARIANT:N-S---E-
ConstructedWallLRD,WALL:SMOOTH:CONSTRUCTION:NO_VARIANT:--S-W-E-
ConstructedWallLRU,WALL:SMOOTH:CONSTRUCTION:NO_VARIANT:N---W-E-
ConstructedWallLUD,WALL:SMOOTH:CONSTRUCTION:NO_VARIANT:N-S-W---
ConstructedWallRD,WALL:SMOOTH:CONSTRUCTION:NO_VARIANT:--S---E-
ConstructedWallRU,WALL:SMOOTH:CONSTRUCTION:NO_VARIANT:N-----E-
ConstructedWallLU,WALL:SMOOTH:CONSTRUCTION:NO_VARIANT:N---W---
ConstructedWallLD,WALL:SMOOTH:CONSTRUCTION:NO_VARIANT:--S-W---
ConstructedWallUD,WALL:SMOOTH:CONSTRUCTION:NO_VARIANT:N-S-----
ConstructedWallLR,WALL:SMOOTH:CONSTRUCTION:NO_VARIANT:----W-E-
ConstructedStairUD,STAIR_UPDOWN:NO_SPECIAL:CONSTRUCTION:NO_VARIANT:--------
ConstructedStairD,STAIR_DOWN:NO_SPECIAL:CONSTRUCTION:NO_VARIANT:--------
ConstructedStairU,STAIR_UP:NO_SPECIAL:CONSTRUCTION:NO_VARIANT:--------
ConstructedRamp,RAMP:NO_SPECIAL:CONSTRUCTION:NO_VARIANT:--------
StoneFloorTrackN,FLOOR:TRACK:STONE:NO_VARIANT:N-------
StoneFloorTrackS,FLOOR:TRACK:STONE:NO_VARIANT:--S-----
StoneFloorTrackE,FLOOR:TRACK:STONE:NO_VARIANT:------E-
StoneFloorTrackW,FLOOR:TRACK:STONE:NO_VARIANT:----W---
StoneFloorTrackNS,FLOOR:TRACK:STONE:NO_VARIANT:N-S-----
StoneFloorTrackNE,FLOOR:TRACK:STONE:NO_VARIANT:N-----E-
StoneFloorTrackNW,FLOOR:TRACK:STONE:NO_VARIANT:N---W---
StoneFloorTrackSE,FLOOR:TRACK:STONE:NO_VARIANT:--S---E-
StoneFloorTrackSW,FLOOR:TRACK:STONE:NO_VARIANT:--S-W---
StoneFloorTrackEW,FLOOR:TRACK:STONE:NO_VARIANT:----W-E-
StoneFloorTrackNSE,FLOOR:TRACK:STONE:NO_VARIANT:N-S---E-
StoneFloorTrackNSW,FLOOR:TRACK:STONE:NO_VARIANT:N-S-W---
StoneFloorTrackNEW,FLOOR:TRACK:STONE:NO_VARIANT:N---W-E-
StoneFloorTrackSEW,FLOOR:TRACK:STONE:NO_VARIANT:--S-W-E-
StoneFloorTrackNSEW,FLOOR:TRACK:STONE:NO_VARIANT:N-S-W-E-
LavaFloorTrackN,FLOOR:TRACK:LAVA_STONE:NO_VARIANT:N-------
LavaFloorTrackS,FLOOR:TRACK:LAVA_STONE:NO_VARIANT:--S-----
LavaFloorTrackE,FLOOR:TRACK:LAVA_STONE:NO_VARIANT:------E-
LavaFloorTrackW,FLOOR:TRACK:LAVA_STONE:NO_VARIANT:----W---
LavaFloorTrackNS,FLOOR:TRACK:LAVA_STONE:NO_VARIANT:N-S-----
LavaFloorTrackNE,FLOOR:TRACK:LAVA_STONE:NO_VARIANT:N-----E-
LavaFloorTrackNW,FLOOR:TRACK:LAVA_STONE:NO_VARIANT:N---W---
LavaFloorTrackSE,FLOOR:TRACK:LAVA_STONE:NO_VARIANT:--S---E-
LavaFloorTrackSW,FLOOR:TRACK:LAVA_STONE:NO_VARIANT:--S-W---
LavaFloorTrackEW,FLOOR:TRACK:LAVA_STONE:NO_VARIANT:----W-E-
LavaFloorTrackNSE,FLOOR:TRACK:LAVA_STONE:NO_VARIANT:N-S---E-
LavaFloorTrackNSW,FLOOR:TRACK:LAVA_STONE:NO_VARIANT:N-S-W---
LavaFloorTrackNEW,FLOOR:TRACK:LAVA_STONE:NO_VARIANT:N---W-E-
LavaFloorTrackSEW,FLOOR:TRACK:LAVA_STONE:NO_VARIANT:--S-W-E-
LavaFloorTrackNSEW,FLOOR:TRACK:LAVA_STONE:NO_VARIANT:N-S-W-E-
FeatureFloorTrackN,FLOOR:TRACK:FEATURE:NO_VARIANT:N-------
FeatureFloorTrackS,FLOOR:TRACK:FEATURE:NO_VARIANT:--S-----
FeatureFloorTrackE,FLOOR:TRACK:FEATURE:NO_VARIANT:------E-
FeatureFloorTrackW,FLOOR:TRACK:FEATURE:NO_VARIANT:----W---
FeatureFloorTrackNS,FLOOR:TRACK:FEATURE:NO_VARIANT:N-S-----
FeatureFloorTrackNE,FLOOR:TRACK:FEATURE:NO_VARIANT:N-----E-
FeatureFloorTrackNW,FLOOR:TRACK:FEATURE:NO_VARIANT:N---W---
FeatureFloorTrackSE,FLOOR:TRACK:FEATURE:NO_VARIANT:--S---E-
FeatureFloorTrackSW,FLOOR:TRACK:FEATURE:NO_VARIANT:--S-W---
FeatureFloorTrackEW,FLOOR:TRACK:FEATURE:NO_VARIANT:----W-E-
FeatureFloorTrackNSE,FLOOR:TRACK:FEATURE:NO_VARIANT:N-S---E-
FeatureFloorTrackNSW,FLOOR:TRACK:FEATURE:NO_VARIANT:N-S-W---
FeatureFloorTrackNEW,FLOOR:TRACK:FEATURE:NO_VARIANT:N---W-E-
FeatureFloorTrackSEW,FLOOR:TRACK:FEATURE:NO_VARIANT:--S-W-E-
FeatureFloorTrackNSEW,FLOOR:TRACK:FEATURE:NO_VARIANT:N-S-W-E-
MineralFloorTrackN,FLOOR:TRACK:MINERAL:NO_VARIANT:N-------
MineralFloorTrackS,FLOOR:TRACK:MINERAL:NO_VARIANT:--S-----
MineralFloorTrackE,FLOOR:TRACK:MINERAL:NO_VARIANT:------E-
MineralFloorTrackW,FLOOR:TRACK:MINERAL:NO_VARIANT:----W---
MineralFloorTrackNS,FLOOR:TRACK:MINERAL:NO_VARIANT:N-S-----
MineralFloorTrackNE,FLOOR:TRACK:MINERAL:NO_VARIANT:N-----E-
MineralFloorTrackNW,FLOOR:TRACK:MINERAL:NO_VARIANT:N---W---
MineralFloorTrackSE,FLOOR:TRACK:MINERAL:NO_VARIANT:--S---E-
MineralFloorTrackSW,FLOOR:TRACK:MINERAL:NO_VARIANT:--S-W---
MineralFloorTrackEW,FLOOR:TRACK:MINERAL:NO_VARIANT:----W-E-
MineralFloorTrackNSE,FLOOR:TRACK:MINERAL:NO_VARIANT:N-S---E-
MineralFloorTrackNSW,FLOOR:TRACK:MINERAL:NO_VARIANT:N-S-W---
MineralFloorTrackNEW,FLOOR:TRACK:MINERAL:NO_VARIANT:N---W-E-
MineralFloorTrackSEW,FLOOR:TRACK:MINERAL:NO_VARIANT:--S-W-E-
MineralFloorTrackNSEW,FLOOR:TRACK:MINERAL:NO_VARIANT:N-S-W-E-
FrozenFloorTrackN,FLOOR:TRACK:FROZEN_LIQUID:NO_VARIANT:N-------
FrozenFloorTrackS,FLOOR:TRACK:FROZEN_LIQUID:NO_VARIANT:--S-----
FrozenFloorTrackE,FLOOR:TRACK:FROZEN_LIQUID:NO_VARIANT:------E-
FrozenFloorTrackW,FLOOR:TRACK:FROZEN_LIQUID:NO_VARIANT:----W---
FrozenFloorTrackNS,FLOOR:TRACK:FROZEN_LIQUID:NO_VARIANT:N-S-----
FrozenFloorTrackNE,FLOOR:TRACK:FROZEN_LIQUID:NO_VARIANT:N-----E-
FrozenFloorTrackNW,FLOOR:TRACK:FROZEN_LIQUID:NO_VARIANT:N---W---
FrozenFloorTrackSE,FLOOR:TRACK:FROZEN_LIQUID:NO_VARIANT:--S---E-
FrozenFloorTrackSW,FLOOR:TRACK:FROZEN_LIQUID:NO_VARIANT:--S-W---
FrozenFloorTrackEW,FLOOR:TRACK:FROZEN_LIQUID:NO_VARIANT:----W-E-
FrozenFloorTrackNSE,FLOOR:TRACK:FROZEN_LIQUID:NO_VARIANT:N-S---E-
FrozenFloorTrackNSW,FLOOR:TRACK:FROZEN_LIQUID:NO_VARIANT:N-S-W---
FrozenFloorTrackNEW,FLOOR:TRACK:FROZEN_LIQUID:NO_VARIANT:N---W-E-
FrozenFloorTrackSEW,FLOOR:TRACK:FROZEN_LIQUID:NO_VARIANT:--S-W-E-
FrozenFloorTrackNSEW,FLOOR:TRACK:FROZEN_LIQUID:NO_VARIANT:N-S-W-E-
ConstructedFloorTrackN,FLOOR:TRACK:CONSTRUCTION:NO_VARIANT:N-------
ConstructedFloorTrackS,FLOOR:TRACK:CONSTRUCTION:NO_VARIANT:--S-----
ConstructedFloorTrackE,FLOOR:TRACK:CONSTRUCTION:NO_VARIANT:------E-
ConstructedFloorTrackW,FLOOR:TRACK:CONSTRUCTION:NO_VARIANT:----W---
ConstructedFloorTrackNS,FLOOR:TRACK:CONSTRUCTION:NO_VARIANT:N-S-----
ConstructedFloorTrackNE,FLOOR:TRACK:CONSTRUCTION:NO_VARIANT:N-----E-
ConstructedFloorTrackNW,FLOOR:TRACK:CONSTRUCTION:NO_VARIANT:N---W---
ConstructedFloorTrackSE,FLOOR:TRACK:CONSTRUCTION:NO_VARIANT:--S---E-
ConstructedFloorTrackSW,FLOOR:TRACK:CONSTRUCTION:NO_VARIANT:--S-W---
ConstructedFloorTrackEW,FLOOR:TRACK:CONSTRUCTION:NO_VARIANT:----W-E-
ConstructedFloorTrackNSE,FLOOR:TRACK:CONSTRUCTION:NO_VARIANT:N-S---E-
ConstructedFloorTrackNSW,FLOOR:TRACK:CONSTRUCTION:NO_VARIANT:N-S-W---
ConstructedFloorTrackNEW,FLOOR:TRACK:CONSTRUCTION:NO_VARIANT:N---W-E-
ConstructedFloorTrackSEW,FLOOR:TRACK:CONSTRUCTION:NO_VARIANT:--S-W-E-
ConstructedFloorTrackNSEW,FLOOR:TRACK:CONSTRUCTION:NO_VARIANT:N-S-W-E-
StoneRampTrackN,RAMP:TRACK:STONE:NO_VARIANT:N-------
StoneRampTrackS,RAMP:TRACK:STONE:NO_VARIANT:--S-----
StoneRampTrackE,RAMP:TRACK:STONE:NO_VARIANT:------E-
StoneRampTrackW,RAMP:TRACK:STONE:NO_VARIANT:----W---
StoneRampTrackNS,RAMP:TRACK:STONE:NO_VARIANT:N-S-----
StoneRampTrackNE,RAMP:TRACK:STONE:NO_VARIANT:N-----E-
StoneRampTrackNW,RAMP:TRACK:STONE:NO_VARIANT:N---W---
StoneRampTrackSE,RAMP:TRACK:STONE:NO_VARIANT:--S---E-
StoneRampTrackSW,RAMP:TRACK:STONE:NO_VARIANT:--S-W---
StoneRampTrackEW,RAMP:TRACK:STONE:NO_VARIANT:----W-E-
StoneRampTrackNSE,RAMP:TRACK:STONE:NO_VARIANT:N-S---E-
StoneRampTrackNSW,RAMP:TRACK:STONE:NO_VARIANT:N-S-W---
StoneRampTrackNEW,RAMP:TRACK:STONE:NO_VARIANT:N---W-E-
StoneRampTrackSEW,RAMP:TRACK:STONE:NO_VARIANT:--S-W-E-
StoneRampTrackNSEW,RAMP:TRACK:STONE:NO_VARIANT:N-S-W-E-
LavaRampTrackN,RAMP:TRACK:LAVA_STONE:NO_VARIANT:N-------
LavaRampTrackS,RAMP:TRACK:LAVA_STONE:NO_VARIANT:--S-----
LavaRampTrackE,RAMP:TRACK:LAVA_STONE:NO_VARIANT:------E-
LavaRampTrackW,RAMP:TRACK:LAVA_STONE:NO_VARIANT:----W---
LavaRampTrackNS,RAMP:TRACK:LAVA_STONE:NO_VARIANT:N-S-----
LavaRampTrackNE,RAMP:TRACK:LAVA_STONE:NO_VARIANT:N-----E-
LavaRampTrackNW,RAMP:TRACK:LAVA_STONE:NO_VARIANT:N---W---
LavaRampTrackSE,RAMP:TRACK:LAVA_STONE:NO_VARIANT:--S---E-
LavaRampTrackSW,RAMP:TRACK:LAVA_STONE:NO_VARIANT:--S-W---
LavaRampTrackEW,RAMP:TRACK:LAVA_STONE:NO_VARIANT:----W-E-
LavaRampTrackNSE,RAMP:TRACK:LAVA_STONE:NO_VARIANT:N-S---E-
LavaRampTrackNSW,RAMP:TRACK:LAVA_STONE:NO_VARIANT:N-S-W---
LavaRampTrackNEW,RAMP:TRACK:LAVA_STONE:NO_VARIANT:N---W-E-
LavaRampTrackSEW,RAMP:TRACK:LAVA_STONE:NO_VARIANT:--S-W-E-
LavaRampTrackNSEW,RAMP:TRACK:LAVA_STONE:NO_VARIANT:N-S-W-E-
FeatureRampTrackN,RAMP:TRACK:FEATURE:NO_VARIANT:N-------
FeatureRampTrackS,RAMP:TRACK:FEATURE:NO_VARIANT:--S-----
FeatureRampTrackE,RAMP:TRACK:FEATURE:NO_VARIANT:------E-
FeatureRampTrackW,RAMP:TRACK:FEATURE:NO_VARIANT:----W---
FeatureRampTrackNS,RAMP:TRACK:FEATURE:NO_VARIANT:N-S-----
FeatureRampTrackNE,RAMP:TRACK:FEATURE:NO_VARIANT:N-----E-
FeatureRampTrackNW,RAMP:TRACK:FEATURE:NO_VARIANT:N---W---
FeatureRampTrackSE,RAMP:TRACK:FEATURE:NO_VARIANT:--S---E-
FeatureRampTrackSW,RAMP:TRACK:FEATURE:NO_VARIANT:--S-W---
FeatureRampTrackEW,RAMP:TRACK:FEATURE:NO_VARIANT:----W-E-
FeatureRampTrackNSE,RAMP:TRACK:FEATURE:NO_VARIANT:N-S---E-
FeatureRampTrackNSW,RAMP:TRACK:FEATURE:NO_VARIANT:N-S-W---
FeatureRampTrackNEW,RAMP:TRACK:FEATURE:NO_VARIANT:N---W-E-
FeatureRampTrackSEW,RAMP:TRACK:FEATURE:NO_VARIANT:--S-W-E-
FeatureRampTrackNSEW,RAMP:TRACK:FEATURE:NO_VARIANT:N-S-W-E-
MineralRampTrackN,RAMP:TRACK:MINERAL:NO_VARIANT:N-------
MineralRampTrackS,RAMP:TRACK:MINERAL:NO_VARIANT:--S-----
MineralRampTrackE,RAMP:TRACK:MINERAL:NO_VARIANT:------E-
MineralRampTrackW,RAMP:TRACK:MINERAL:NO_VARIANT:----W---
MineralRampTrackNS,RAMP:TRACK:MINERAL:NO_VARIANT:N-S-----
MineralRampTrackNE,RAMP:TRACK:MINERAL:NO_VARIANT:N-----E-
MineralRampTrackNW,RAMP:TRACK:MINERAL:NO_VARIANT:N---W---
MineralRampTrackSE,RAMP:TRACK:MINERAL:NO_VARIANT:--S---E-
MineralRampTrackSW,RAMP:TRACK:MINERAL:NO_VARIANT:--S-W---
MineralRampTrackEW,RAMP:TRACK:MINERAL:NO_VARIANT:----W-E-
MineralRampTrackNSE,RAMP:TRACK:MINERAL:NO_VARIANT:N-S---E-
MineralRampTrackNSW,RAMP:TRACK:MINERAL:NO_VARIANT:N-S-W---
MineralRampTrackNEW,RAMP:TRACK:MINERAL:NO_VARIANT:N---W-E-
MineralRampTrackSEW,RAMP:TRACK:MINERAL:NO_VARIANT:--S-W-E-
MineralRampTrackNSEW,RAMP:TRACK:MINERAL:NO_VARIANT:N-S-W-E-
FrozenRampTrackN,RAMP:TRACK:FROZEN_LIQUID:NO_VARIANT:N-------
FrozenRampTrackS,RAMP:TRACK:FROZEN_LIQUID:NO_VARIANT:--S-----
FrozenRampTrackE,RAMP:TRACK:FROZEN_LIQUID:NO_VARIANT:------E-
FrozenRampTrackW,RAMP:TRACK:FROZEN_LIQUID:NO_VARIANT:----W---
FrozenRampTrackNS,RAMP:TRACK:FROZEN_LIQUID:NO_VARIANT:N-S-----
FrozenRampTrackNE,RAMP:TRACK:FROZEN_LIQUID:NO_VARIANT:N-----E-
FrozenRampTrackNW,RAMP:TRACK:FROZEN_LIQUID:NO_VARIANT:N---W---
FrozenRampTrackSE,RAMP:TRACK:FROZEN_LIQUID:NO_VARIANT:--S---E-
FrozenRampTrackSW,RAMP:TRACK:FROZEN_LIQUID:NO_VARIANT:--S-W---
FrozenRampTrackEW,RAMP:TRACK:FROZEN_LIQUID:NO_VARIANT:----W-E-
FrozenRampTrackNSE,RAMP:TRACK:FROZEN_LIQUID:NO_VARIANT:N-S---E-
FrozenRampTrackNSW,RAMP:TRACK:FROZEN_LIQUID:NO_VARIANT:N-S-W---
FrozenRampTrackNEW,RAMP:TRACK:FROZEN_LIQUID:NO_VARIANT:N---W-E-
FrozenRampTrackSEW,RAMP:TRACK:FROZEN_LIQUID:NO_VARIANT:--S-W-E-
FrozenRampTrackNSEW,RAMP:TRACK:FROZEN_LIQUID:NO_VARIANT:N-S-W-E-
ConstructedRampTrackN,RAMP:TRACK:CONSTRUCTION:NO_VARIANT:N-------
ConstructedRampTrackS,RAMP:TRACK:CONSTRUCTION:NO_VARIANT:--S-----
ConstructedRampTrackE,RAMP:TRACK:CONSTRUCTION:NO_VARIANT:------E-
ConstructedRampTrackW,RAMP:TRACK:CONSTRUCTION:NO_VARIANT:----W---
ConstructedRampTrackNS,RAMP:TRACK:CONSTRUCTION:NO_VARIANT:N-S-----
ConstructedRampTrackNE,RAMP:TRACK:CONSTRUCTION:NO_VARIANT:N-----E-
ConstructedRampTrackNW,RAMP:TRACK:CONSTRUCTION:NO_VARIANT:N---W---
ConstructedRampTrackSE,RAMP:TRACK:CONSTRUCTION:NO_VARIANT:--S---E-
ConstructedRampTrackSW,RAMP:TRACK:CONSTRUCTION:NO_VARIANT:--S-W---
ConstructedRampTrackEW,RAMP:TRACK:CONSTRUCTION:NO_VARIANT:----W-E-
ConstructedRampTrackNSE,RAMP:TRACK:CONSTRUCTION:NO_VARIANT:N-S---E-
ConstructedRampTrackNSW,RAMP:TRACK:CONSTRUCTION:NO_VARIANT:N-S-W---
ConstructedRampTrackNEW,RAMP:TRACK:CONSTRUCTION:NO_VARIANT:N---W-E-
ConstructedRampTrackSEW,RAMP:TRACK:CONSTRUCTION:NO_VARIANT:--S-W-E-
ConstructedRampTrackNSEW,RAMP:TRACK:CONSTRUCTION:NO_VARIANT:N-S-W-E-
